url;review
https://www.yelp.it/biz/zucca-torino;Aperitivo pre-serata sopra la media dei locali limitrofi.
https://www.yelp.it/biz/zonk-di-brigada-igor-torino;Il locale è molto semplice e il personale gentile e disponibile.
https://www.yelp.it/biz/zichella-torino;Il locale è semplice, funzionale ma accogliente.
https://www.yelp.it/biz/zelli-wine-bar-torino;Per serata informale con amici posto meraviglioso.
https://www.yelp.it/biz/yu-jiasheng-torino;Il ristorante possiede un dehor che dà sulla piazza e due sale all'interno.
https://www.yelp.it/biz/younger-pub-bari;Serata con amici trascorsa in questo pub in compagnia di ottimo cibo.
https://www.yelp.it/biz/wispobish-torino;Servizio gentile, insomma un posto in cui passare una bella serata.
https://www.yelp.it/biz/winston-churchill-new-pub-torino;Ampio dehor per l'estate con bancone annesso.
https://www.yelp.it/biz/windigo-saloon-bari;Serata tranquilla passata in compagnia di amici.
https://www.yelp.it/biz/waxy-torino;Posto ampio, tutto in legno, e pulito.
https://www.yelp.it/biz/wasabi-torino;Locale semplice e essenziale, nel tipico stile giapponese.
https://www.yelp.it/biz/walima-torino;Ottima soluzione per passare una serata alternativa.
https://www.yelp.it/biz/volver-torino-2;Locale simpatico ed ottima carne, serata gradevole con colleghi.
https://www.yelp.it/biz/vitelloni-torino;Serata con amici, 10 adulti e altrettanti bambini.
https://www.yelp.it/biz/verdi-d-indivia-torino;Localino dal gusto moderno e stile semplice.
https://www.yelp.it/biz/vanilla-torino;Locale piccolo ma accogliente, personale simpatico e disponibile.
https://www.yelp.it/biz/urban-bari;Posto accogliente, clima informale, ambiente giovanile e universitario.
https://www.yelp.it/biz/turet-torino;Ottimo per una serata in compagnia di amici e al tempo stesso per una cena in famiglia.
https://www.yelp.it/biz/tre-galline-torino-2;Bellissima e tranquilla serata da riproporre in futuro con amici.
https://www.yelp.it/biz/tre-galli-torino-2;Informale e semplice la presentazione della tavola.
https://www.yelp.it/biz/tre-da-tre-torino;Piacevole serata nel dehor estivo in una serata ancora estiva di settembre.
https://www.yelp.it/biz/trattoria-vineria-da-ale-torino;Cenato da Ale con altra coppia di amici.
https://www.yelp.it/biz/trattoria-valenza-torino;Da tenere in considerazione per una serata tra amici.
https://www.yelp.it/biz/trattoria-toscana-torino;Il personale è sicuramente simpatico e veloce.
https://www.yelp.it/biz/trattoria-torricelli-torino;L'ambiente è semplice, sereno, fine ed accogliente.
https://www.yelp.it/biz/trattoria-spirito-santo-torino-2;Peccato che non abbia un Dehor più capiente Per poter passare la serata.
https://www.yelp.it/biz/trattoria-pizzeria-mare-e-monti-torino;Locale non molto ampio ma curatissimo e pulito.
https://www.yelp.it/biz/trattoria-piemontese-torino;Ambiente familiare e cordiale per una serata informale.
https://www.yelp.it/biz/trattoria-mombercelli-di-antico-elena-torino;Cibo semplice ma ottimo a prezzi ottimi.
https://www.yelp.it/biz/toscano-torino-3;Ideale per una serata tra amici per ricordare momenti piacevoli.
https://www.yelp.it/biz/torteria-berlicabarbis-torino;Posto perfetto per passare una bella e tranquilla serata tra amici/fidanzati.
https://www.yelp.it/biz/tor-na-torino;Serata estremamente piacevole tra amici in una location elegante e con un'atmosfera di livello.
https://www.yelp.it/biz/tommy-tegamino-torino;Da tenere in considerazione per una pizzata con gli amici!
https://www.yelp.it/biz/tisaneria-della-consolata-torino;Nel complesso è un locale molto tranquillo, ideale per una serata al calduccio e quattro chiacchiere con degli amici.
https://www.yelp.it/biz/timeout-bari;Per una serata diversa ed in compagnia....
https://www.yelp.it/biz/tiffany-lounge-torino;pranzo veramente delizioso e personale simpatico e gentile.
https://www.yelp.it/biz/tiella-bari;Un menu ampio tale da accontentare tutti i palati...
https://www.yelp.it/biz/the-stuart-pub-bari;Pub gestito da uno scozzese in perfetto stile scottish!!
https://www.yelp.it/biz/the-queen-victoria-torino;Buono per passare una serata tranquilla tra amici.
https://www.yelp.it/biz/the-governor-pub-torino;�? un locale per stare in compagnia tra amici.
https://www.yelp.it/biz/the-egg-torino;Bellissima serata in un'atmosfera accogliente e ospitale!
https://www.yelp.it/biz/the-duke-of-wellington-torino;'Serata fra amici per festeggiare un evento...
https://www.yelp.it/biz/the-bakery-torino;Anche i nostri amici hanno molto gradito.
https://www.yelp.it/biz/terra-di-mezzo-bari;ideale x passare una serata in compagnia.
https://www.yelp.it/biz/teriyaky-torino;Il ristorante è tutto in dehors quindi lo spazio è bello ma non enorme.
https://www.yelp.it/biz/teapot-torino;Ambiente perfetto per trascorrere un pomeriggio piacevole in compagnia.
https://www.yelp.it/biz/tea-company-torino;Non è fornitissimo, ma il servizio è gentile.
https://www.yelp.it/biz/taverna-i-miserabili-torino;Ottimo sia da cenetta a lume di candela che da serata in compagnia.
https://www.yelp.it/biz/taverna-delloca-torino;Serata tra amici, ottimo cibo piemontese e servizio gentile.
https://www.yelp.it/biz/tatami-bari;Internamente si presenta come locale moderno e ambito.
https://www.yelp.it/biz/tasty-burger-torino;Consigliato per chi trascorrere una bella serata.
https://www.yelp.it/biz/taiki-bari;Grazie per la splendida serata e la bella figura
https://www.yelp.it/biz/taglio-torino;Clima simpatico e cordiale, curati i dettagli.
https://www.yelp.it/biz/tadadatta-pub-bari;Posto carino, senza tante pretese, ideale per una serata con gli amici.
https://www.yelp.it/biz/tabit-bari;Il locale è semplice, pulito e moderno.
https://www.yelp.it/biz/t-bone-station-torino;Gli amici vegetariani trovano poco qui :-P
https://www.yelp.it/biz/sweet-lab-torino;Sicuramente torneò e porterò degli amici per fargli provare i piatti gustosi.
https://www.yelp.it/biz/sushitao-bari;cena in settimana con amici. serata piacevole e ambiente accogliente.
https://www.yelp.it/biz/sushi-sound-torino;Il personale e' veloce efficiente e simpatico.
https://www.yelp.it/biz/sushi-j-torino;Nuovo ristorante molto carino, moderno, atmosfera piacevole!
https://www.yelp.it/biz/storie-del-vecchio-sud-bari;L'ideale per una serata semplice e divertente.
https://www.yelp.it/biz/stars-e-roses-torino;Cena perfetta, ottima l'accoglienza e servizio impeccabile.
https://www.yelp.it/biz/st-martin-torino;Nel complesso buono per una serata con amici, staff cordiale
https://www.yelp.it/biz/spaghetteria-70cento-bari;Provato x caso per passare una serata in compagnia....
https://www.yelp.it/biz/spada-reale-torino;Servizio con personale qualificato ma simpatico e premuroso....
https://www.yelp.it/biz/soup-e-go-torino;Locale semplice per chi vuole trascorrere una serata tranquilla in compagnia.
https://www.yelp.it/biz/soul-kitchen-torino;Che forse ci siano degli amici immaginari?
https://www.yelp.it/biz/sotto-la-mole-torino;Ambiente rilassante, ideale per scambiare qualche chiacchiera in compagnia.
https://www.yelp.it/biz/solferino-torino;La serata in compagnia di amici in un weekend di relax è stata sublime.
https://www.yelp.it/biz/soci%C3%A9te-lut%C3%A9ce-torino-2;Serata molto bella, cena con presentazione di tre fragranze molto particolari.
https://www.yelp.it/biz/sir-francis-drake-torino;Locale carino e accogliente, possibilità di guardare eventi sportivi.
https://www.yelp.it/biz/singapore-torino;Un prezzo giusto per una serata tranquilla.
https://www.yelp.it/biz/simini-giuliano-torino;�? stata una bella serata accompagnata da crudo di grande qualità.
https://www.yelp.it/biz/simbad-kebab-torino;Il proprietario è simpatico e il locale carino.
https://www.yelp.it/biz/silvano-torino-2;Spazio esterno con panchine x gustare il gelato All aperto.
https://www.yelp.it/biz/signorvino-torino;Serata con amici per aperitivo, ambiente accogliente ed informale.
https://www.yelp.it/biz/sicomoro-torino;Sicuramente da ritornare ancora in compagnia di amici.
https://www.yelp.it/biz/sicily-bar-torino;Ambiente moderno e gradevole con dehors fisso.
https://www.yelp.it/biz/sibir-torino-2;�? molto carino per una serata poco impegnativa con amici.
https://www.yelp.it/biz/shot-pub-bari;Il proprietario è simpatico anche se a volte è un pò prolisso!!
https://www.yelp.it/biz/shore-torino;Il locale è arredato in modo moderno e nel periodo estivo dispone di un ampio dehor.
https://www.yelp.it/biz/shizen-torino;Basta aggiungere la compagnia giusta e la riuscita della serata è garantita.
https://www.yelp.it/biz/shannon-torino;Per una sera tra amici va bene.
https://www.yelp.it/biz/shamrock-inn-torino;Tipico posto in cui passare una piacevole serata in compagnia di amici.
https://www.yelp.it/biz/shaka-brah-torino;Ottimo per passare una piacevole serata con gli amici!
https://www.yelp.it/biz/sfashion-cafe-torino;Ideale per trascorrere una serata in allegria con amici.
https://www.yelp.it/biz/seven-up-torino;Il locale è molto semplice, stile trattoria.
https://www.yelp.it/biz/serranos-torino;Bellissima serata in compagnia di amici !
https://www.yelp.it/biz/sen-mi-ya-torino-2;Consigliato x serate cn amici e famiglia..
https://www.yelp.it/biz/scapadaca-torino;Serata con amici nel centro di Torino.
https://www.yelp.it/biz/scannabue-torino;Queste sono le tre componenti principali per una bella serata fra amici.
https://www.yelp.it/biz/scalo-vanchiglia-torino;Un buon posto per passare una serata tra amici.
https://www.yelp.it/biz/sbrodolone-torino;Negozio molto piccolo ma personale molto gentile e accogliente!
https://www.yelp.it/biz/sara-caffetteria-torino;Invito a cena da amici : serata molto simpatica e divertente!
https://www.yelp.it/biz/sandrino-bari-2;Prodotti di qualità in uno spazio curato, accogliente e raffinato.
https://www.yelp.it/biz/sandrino-bari;Il locale pulito, accogliente e molto moderno.
https://www.yelp.it/biz/san-tommaso-10-torino;Ambiente moderno e gentilezza da parte di tutto il personale.
https://www.yelp.it/biz/sa-corte-noa-torino;Locale molto curato con piccolo spazio all'aperto.
https://www.yelp.it/biz/rur%C3%A0l-torino;Un ristorante elegante, elegante e raffinato, situato nel pittoresco centro storico di Torino.
https://www.yelp.it/biz/rossosapore-torino;Locale molto accogliente, giovanile e caratteristico.Cibo buono.
https://www.yelp.it/biz/rossopomodoro-torino;Gruppone di amici di sabato sera tardi.
https://www.yelp.it/biz/roar-roads-torino;Perfetto per uno spuntino in tarda serata!
https://www.yelp.it/biz/rivareno-torino;Classica serata estiva in famiglia, due gelati ed una granita.
https://www.yelp.it/biz/ristrot-guviol-torino;ristorante dall'ambiente informale, ottima accoglienza, tutto il personale giovane, cordiale e disponibile.
https://www.yelp.it/biz/ristrorante-la-chicca-torino-2;Ottimo cibo e personale efficiente e simpatico.
https://www.yelp.it/biz/ristoro-28-3-torino-2;Locale moderno ed accogliente con piccolo dehor.
https://www.yelp.it/biz/ristoranti-tropicana-torino;Una serata per una semplice ma buona pizza.
https://www.yelp.it/biz/ristoranti-taverna-delle-rose-torino-2;L'ambiente é molto simpatico, informale ma accogliente.
https://www.yelp.it/biz/ristoranti-alba-torino;Adatto ad una buona cena informale fra amici.
https://www.yelp.it/biz/ristorante-ratatui-torino-2;L'ambiente è accogliente, pulito, semplice, adatto per pranzi fra colleghi, cene con amici o parenti.
https://www.yelp.it/biz/ristorante-peppino-torino;Locale carino ma semplice, niente di impedibile.
https://www.yelp.it/biz/ristorante-lo-scoglio-da-vito-bari-2;Buona cucina di mare, bell'ambiente, accoglienza cortese e piacevole.
https://www.yelp.it/biz/ristorante-enoteca-parlap%C3%A0-torino-2;Mauro è stato molto accogliente e attento.
https://www.yelp.it/biz/ristorante-consorzio-torino;Il ristorante è piacevolmente informale così come l'accoglienza.
https://www.yelp.it/biz/ristopizza-giampaolo-bari;Complimenti per la cucina e per la squisita l'accoglienza.
https://www.yelp.it/biz/re-vittorio-bari;Il locale è carino ed il personale gentile e accogliente.
https://www.yelp.it/biz/re-sole-torino-2;Ampio locale sfruttabile soprattutto in estate visto l'ampio spazio esterno.
https://www.yelp.it/biz/raspino-lorenzo-torino;Il personale è qualificato, simpatico e disponibile!
https://www.yelp.it/biz/quelli-che-ben-pensano-torino;Pizza molto buona e il personale simpatico.
https://www.yelp.it/biz/quelli-che-ben-pensano-2-torino;Ideale per una serata rilassante tra amici.
https://www.yelp.it/biz/quattro-soldi-torino;Lo spazio è occupato alla massima capienza.
https://www.yelp.it/biz/quanto-basta-bari;Semplicemente una serata piacevole, gustosa, al giusto prezzo.
https://www.yelp.it/biz/quaglia-teresa-torino;Serata in compagnia di amici, cibo di ottima qualità, peccato per le porzioni davvero troppo piccole..
https://www.yelp.it/biz/quadrilatero-romano-torino;Oggi è un quartiere storico di Torino, splendido ritrovo per la movida torinese più Chic.
https://www.yelp.it/biz/punto-pizza-di-moro-michel-torino;Il gestore è molto simpatico e disponibile, consigliatissimo.
https://www.yelp.it/biz/primaepoi-torino-3;Locale ampio e luminoso, servizio estremamente affabile.
https://www.yelp.it/biz/prima-e-poi-torino;Locale ampio e luminoso, servizio estremamente affabile.
https://www.yelp.it/biz/premiata-osteria-dellhermada-torino;Ideale per una serata tra amici al cazzeggio!
https://www.yelp.it/biz/porto-di-savona-torino;Cena all aperto in tarda serata sulla piazza.
https://www.yelp.it/biz/porcaloca-torino;Consigliatissimo per mangiare bene e passare una serata tra amici!
https://www.yelp.it/biz/poormanger-torino;Da provare per una serata tra amici senza troppe pretese
https://www.yelp.it/biz/pony-bubble-tea-torino;Menu ampio e grandi dimensioni e prezzi.
https://www.yelp.it/biz/ponte-regina-torino;Si tratta di un piccolo ristorante quasi in riva al Po, semplice e simpatico.
https://www.yelp.it/biz/ponte-dora-torino;la pizza è buona e questa è sicuramente una nota molto positiva!
https://www.yelp.it/biz/pollastrini-torino;Ristorante semplice ed elegante allo stesso tempo.
https://www.yelp.it/biz/platti-torino-2;Il locale è bellissimo, mura, specchi, eventi.
https://www.yelp.it/biz/pizzificio-torino;Pizza ottima locale moderno e birre speciali!
https://www.yelp.it/biz/pizzeria-vecchio-forno-garibaldi-torino;Non so se la serata era storta.
https://www.yelp.it/biz/pizzeria-vecchia-londra-torino;Non ha il wi-fi, ha un bel dehor.
https://www.yelp.it/biz/pizzeria-tarantini-al-cancello-rotto-bari;Locale ampio con posti a sedere interni o nel giardino adiacente verandato.
https://www.yelp.it/biz/pizzeria-spaccanapoli-torino;Prezzo in buona proporzione ed accoglienza super.
https://www.yelp.it/biz/pizzeria-silvestro-torino;Locale ideale per pranzare in compagnia tra amici!
https://www.yelp.it/biz/pizzeria-queendici-torino;Locale semplice e senza pretese, servizio buono e personale simpatico.
https://www.yelp.it/biz/pizzeria-poldo-torino;Pizzaioli bravissimo e simpatico e generoso .
https://www.yelp.it/biz/pizzeria-pieros-torino;Locale nel cuore di Torino, semplice senza tante pretese, giovanile e abbastanza pulito.
https://www.yelp.it/biz/pizzeria-petit-roi-bitritto;Grazie Davide per aver condiviso la tua opinione.
https://www.yelp.it/biz/pizzeria-osteria-dal-vassallo-bari;Posto centralissimo e accogliete, staff simpatico e disponibile.
https://www.yelp.it/biz/pizzeria-marfi-torino;Consigliatissimo come locale semplice per gustare un'ottima pizza con gli amici.
https://www.yelp.it/biz/pizzeria-la-tana-bari;Serata con amici, luogo un pochino affollato ma vale la pena.
https://www.yelp.it/biz/pizzeria-la-sueva-torino-3;Il locale è molto semplice e pulito.
https://www.yelp.it/biz/pizzeria-la-stua-torino;Il locale è carino (pur essendo semplice).
https://www.yelp.it/biz/pizzeria-la-sacrestia-torino;Per una serata molto tarda, un ottimo ristorante.
https://www.yelp.it/biz/pizzeria-gino-torino;Locale semplice e accogliente, solo un po' confusionario.
https://www.yelp.it/biz/pizzeria-giampy-di-mazzola-giuseppe-torino;pranzo veloce di lavoro. pesce spada, patate acqua caffè.. gentili e veloci: consigliato. locale moderno e semplice.
https://www.yelp.it/biz/pizzeria-gelateria-cecchi-torino;Menu semplice, locale datato e spartano, ma ottimi prodotti.
https://www.yelp.it/biz/pizzeria-fratelli-la-bufala-torino;Il locale è pulito e moderno, ottimo per una cena tra amici.
https://www.yelp.it/biz/pizzeria-enzo-e-ciro-di-fraddosio-v-c-bari;Ideale per una serata con gli amici o in famiglia.
https://www.yelp.it/biz/pizzeria-enzo-bari;Pizzeria vintage barese a gestione autenticamente familiare, dal locale semplice ma accogliente: l'ideale per una serata con gli amici.
https://www.yelp.it/biz/pizzeria-dual-torino;Piacevole per una serata in famiglia o tra amici.
https://www.yelp.it/biz/pizzeria-divina-bari;Clima informale e atmosfera calda e familiare.
https://www.yelp.it/biz/pizzeria-di-cosimo-bari;Per una serata con gli amici e due chiacchere va piu che bene.
https://www.yelp.it/biz/pizzeria-da-michele-torino;Oggi buon pranzo Natalizio con alcuni amici!
https://www.yelp.it/biz/pizzeria-da-donato-bari;Posto accogliente per passare una piacevole serata con amici e famiglia.
https://www.yelp.it/biz/pizzeria-da-candido-torino;Locale semplice e pulito, sempre abbastanza pieno di clienti.
https://www.yelp.it/biz/pizzeria-d-autore-bari;Un sabato sera, con amici, passammo una piacevole serata in questa pizzeria.
https://www.yelp.it/biz/pizzeria-continental-pizzorante-bari-2;Ormai a Bari c'è di meglio per trascorrere una serata con amici.
https://www.yelp.it/biz/pizzeria-chez-jo-bari;Consigliato se si vuole cenare tra amici e trascorrere del tempo in compagnia.
https://www.yelp.it/biz/pizzeria-bella-vita-torino;Nel complesso bella serata ma molti dubbi.
https://www.yelp.it/biz/pizzeria-baraonda-bari;Consigliato per una serata tra amici o un appuntamento informale.
https://www.yelp.it/biz/pizzeria-au-lapin-agile-torino-2;Per una piacevole serata è il locale ideale.
https://www.yelp.it/biz/pizzeria-amalfi-torino;Ambiente e personale solare, cordiale e simpatico.
https://www.yelp.it/biz/pizzeria-alloca-di-pulcinella-torino;Personale sempre disponibile ad accontentare i clienti.
https://www.yelp.it/biz/pizzeria-aladino-bari;Va bene per una serata tra amici.
https://www.yelp.it/biz/pizzeria-al-buco-bari;La serata perfetta con famiglia o amici.
https://www.yelp.it/biz/pizzeri-lapislazzulo-torino;Il personale poi è preparato, professionale, simpatico.
https://www.yelp.it/biz/pizza-speedy-torino-2;Pizza mooolto buona, veloce e personale simpatico.
https://www.yelp.it/biz/pizza-pistrocchio-torino;La pizza non è eccezionale ma per una serata al volo con gli amici va bene.
https://www.yelp.it/biz/pizza-bon-bari;Testo la qualità dell'impasto e ingredienti prendendo una pizza semplice con tutti gli ingredienti a crudo.
https://www.yelp.it/biz/pizza-ad-hoc-torino;Ben frequentata e informale ottima sia in coppia che con amici.
https://www.yelp.it/biz/piu-di-un-gelato-torino;Non c'è che dire, personale simpatico e gentile.
https://www.yelp.it/biz/pistacchio-torino;Mai piu ne solo ne con amici.
https://www.yelp.it/biz/pippo-paranza-torino;Cena tra amici per festeggiare un compleanno.
https://www.yelp.it/biz/piper-pub-torino;Cosigliatissimo per una serata tranquilla con gli amici.
https://www.yelp.it/biz/piola-cianci-torino;Ambiente simpatico ed informale nella graziosa piazzetta 4 marzo
https://www.yelp.it/biz/piazza-vittorio-veneto-torino;Sede di eventi (concerti o partite degli europei coi maxi schermi) e spettacoli.
https://www.yelp.it/biz/piano-b-torino;Serata tra amici a base di pizza.
https://www.yelp.it/biz/petit-baladin-torino;Atmosfera informale adatta ad un gruppo di amici.
https://www.yelp.it/biz/perbacco-bari;Accoglienza cordiale, impiattamemti curati e accostamenti speciali.
https://www.yelp.it/biz/pepino-torino;Personale gentile e simpatico, senza fretta il servizio.
https://www.yelp.it/biz/peperosso-torino;Il locale è ampio ed arredato con gusto.
https://www.yelp.it/biz/pepe-torino;Consigliatissimo per chi vuole passare una bella serata.
https://www.yelp.it/biz/pastis-torino;Carta molto semplice ma ricca di prelibatezze siciliane.
https://www.yelp.it/biz/pastis-2020-torino;Carta molto semplice ma ricca di prelibatezze siciliane.
https://www.yelp.it/biz/pastificio-defilippis-torino;Ma sono in compagnia e si rimane.
https://www.yelp.it/biz/pasticceria-venier-torino;SI può trovare dal semplice caffè di ottima qualità (speciale quello con panna) alla cioccolateria artigianale di alta qualità.
https://www.yelp.it/biz/pasticceria-beatrice-torino;E cn una varietà in grado di accontentare anche i golosi + raffinati.
https://www.yelp.it/biz/pasticceria-beatrice-2008-torino;Il personale è molto professionale e simpatico.
https://www.yelp.it/biz/pasticceria-amore-torino;Aperitivo molto ricco con stuzzichini di qualità eccellente e personale molto gentile.
https://www.yelp.it/biz/pasta-mon-amour-torino;Trasformare una semplice cena in una serata da ricordare?
https://www.yelp.it/biz/passamaneria-torino;Il locale è simpatico sul moderno e curato nei dettagli.
https://www.yelp.it/biz/panperfocaccia-torino-2;Sale pulite, ordinate e arredate in stile moderno.
https://www.yelp.it/biz/panino-giusto-torino;La musica, inoltre, era troppo alta e la cameriera con altri amici faceva baldoria come se non stesse lavorando.
https://www.yelp.it/biz/panetteria-borgo-nuovo-torino;Il personale molto gentile e rapido nel servizio.
https://www.yelp.it/biz/palazzo-madama-torino;Bel museo ricco e in location favolosa.
https://www.yelp.it/biz/pai-bikery-torino;Ambiente giovanile e caratteristico, personale molto affabile
https://www.yelp.it/biz/paco-torino;Ottimo locale per poter fare serata e passare una sera in compagnia.
https://www.yelp.it/biz/ottimo-torino;Un plus che fa acquistare punti e l'accoglienza delle impiegate.
https://www.yelp.it/biz/osteria-sopravento-bari-2;In più,il cameriere è simpatico e preparato.
https://www.yelp.it/biz/osteria-rotonda-dei-facchinetti-torino;Calda accoglienza e cibo superlativo .. consigliatissimo
https://www.yelp.it/biz/osteria-povrom-torino;Consigliato per una serata informale in allegria.
https://www.yelp.it/biz/osteria-le-arpie-bari;L'ambiente è semplice ma curato, il personale è simpatico e disponibile.
https://www.yelp.it/biz/osteria-del-fiat-torino;Molto piacevole per passarci una serata in compagnia.
https://www.yelp.it/biz/osteria-dei-quattro-gatti-bari;Locale informale ma molto carino, ampio e con molti coperti.
https://www.yelp.it/biz/osteria-degli-ottoni-torino;Ideale per passare una serata tra amici o di lavoro.
https://www.yelp.it/biz/osteria-antichi-sapori-bari;Personale educato e professionale, il titolare è molto simpatico e gentile, cucina ottima.
https://www.yelp.it/biz/osteria-antiche-sere-torino;Il dehor esterno è veramente suggestivo, l'atmosfera informale e allegra.
https://www.yelp.it/biz/osteria-al-gambero-bari;Servizio veloce , personale disponibile e molto informale.
https://www.yelp.it/biz/orso-torino;Semplice ma preciso, ma il cibo è buono.
https://www.yelp.it/biz/oro-birra-torino;Ideale per una bella serata in compagnia!
https://www.yelp.it/biz/opera-bari;Accoglienza ottima, locale molto bello e camerieri disponibilissimi.
https://www.yelp.it/biz/open-baladin-torino;Ideale per una cena informale, o per una birra tra amici.
https://www.yelp.it/biz/one-apple-torino;Il locale è moderno e ben curato.
https://www.yelp.it/biz/olsen-di-caldi-cinzia-torino;Torteria semplice, ideale per una pausa pomeridiana.
https://www.yelp.it/biz/old-wild-west-torino-2;Consigliato per un pasto rapido tra amici!
https://www.yelp.it/biz/old-wild-west-torino;Bellissimo locale per una serata con amici.
https://www.yelp.it/biz/okinawa-torino;Per una serata non troppo impegnativa :)
https://www.yelp.it/biz/oinos-torino;Da provare in coppia o in compagnia.
https://www.yelp.it/biz/officine-panino-torino;Un posto adatto sia al mordi e fuggi che ad una serata in compagnia.
https://www.yelp.it/biz/oashi-torino;Anche il locale non ha lo stesso stile degli altri.
https://www.yelp.it/biz/o-raffertys-pub-torino;Atmosfera invidiabile, sia in coppia (non c'è troppo caos), sia per una serata tra amici.
https://www.yelp.it/biz/nyc-caffe-torino;La decorazione e l'allestimento interno sono caffè moderno molto bello e molto chiaro.
https://www.yelp.it/biz/nouvel-vis-a-vis-modugno;Conduzione familiare, cucina semplice ma raffinata , fresca e genuina.
https://www.yelp.it/biz/niva-cremeria-torino;Personale simpatico e nei momenti di calma paziente nel descrivere i vari gusti e farveli eventualmente assaggiare.
https://www.yelp.it/biz/nishiki-torino;Servizio veloce ma attento e personale simpatico!
https://www.yelp.it/biz/new-mexico-torino-2;se ti va di mangiare un ottima pizza servita fumante al tavolo con un sorriso, vai in questa pizzeria.
https://www.yelp.it/biz/neko-cafe-torino;L' accoglienza ed il servizio lasciano desiderare.
https://www.yelp.it/biz/napul-e-bari;Consigliato per una pizza tra amici o famigliari.
https://www.yelp.it/biz/napples-torino;Ottima pizza in un ambiente molto giovanile.
https://www.yelp.it/biz/my-ecosmartfood-torino-2;Cena romantica o in compagnia di amici a Torino?
https://www.yelp.it/biz/murphys-torino;Ampio è prettamente in legno con dehor esterno.
https://www.yelp.it/biz/murphys-pub-torino;Ampio è prettamente in legno con dehor esterno.
https://www.yelp.it/biz/mr-rooster-torino-3;ottima Ottima cucina ottima accoglienza un personale molto cortese pronto a risolvere qualsiasi problema del cliente.
https://www.yelp.it/biz/mordillo-torino;Consigliato per una pizza veloce tra amici.
https://www.yelp.it/biz/monte-dei-cappuccini-torino;Per una serata estiva è semplicemente perfetto!
https://www.yelp.it/biz/monferrato-torino;Festeggiato il compleanno con famiglia e amici.
https://www.yelp.it/biz/monegato-torino;L'accoglienza è stata davvero ottima, grazie al proprietario simpatico e gioviale.
https://www.yelp.it/biz/mole-antonelliana-torino;Merita molto. è una struttura enorme e molto elegante.
https://www.yelp.it/biz/moka-torino-2;L'ambiente è piccolo ma abbastanza moderno ed elegante, rendendolo un luogo ideale per passare un aperitivo durante la giornata.
https://www.yelp.it/biz/moderat-bari;Personale comunque simpatico.. carino per gruppi numerosi.. per festeggiare nella parte esterna.
https://www.yelp.it/biz/mixer-bar-di-figliolia-m-torino;Personale gentile, è un bar che offre tutti i servizi di un esercizio di questo tipo.
https://www.yelp.it/biz/mister-hu-torino;L'accoglienza non è stata delle più calorose, ma pazienza.
https://www.yelp.it/biz/mina-torino;Ambiente semplice e informale, servizio altrettanto semplice ma rapido.
https://www.yelp.it/biz/michi-tanzariello-torino;Il locale è piuttosto ampio arredato con gusto.
https://www.yelp.it/biz/miagola-cafe-torino;Molti gli eventi originali organizzati dal locale.
https://www.yelp.it/biz/mezzaluna-osteria-torino;Una serata davvero piacevole e rilassante tra amici.
https://www.yelp.it/biz/mexico-70-torino;Locale ampio, pulito anche dehor con ampio spazio.
https://www.yelp.it/biz/messicano-mamasita-torino;Ottima serata in compagnia di buon cibo messicano!
https://www.yelp.it/biz/meridien-torino;Come resistere al tortino di cuor caldo :-D Interessante il fatto che sia aperto sempre fino a notte fonda!
https://www.yelp.it/biz/menupizza-torino;Personale molto gentile , il locale appena ristrutturato , molto pulito e spazioso
https://www.yelp.it/biz/menodiciotto-torino;Durante una serata passata ad ammirare le splendide luci di Natale.
https://www.yelp.it/biz/mcdonalds-bari-3;E' situato su due piani - c'erano posti liberi al piano terra.
https://www.yelp.it/biz/mc-donalds-torino-4;Molto bello poter pranzare all'esterno e godersi la vista della piazza e la gente che passeggia.
https://www.yelp.it/biz/mc-donalds-torino-2;Il dehor si affaccia su piazza statuto, quindi è un bel vedere.
https://www.yelp.it/biz/mc-donald-torino;Locale molto ampio, con anche dehor esterno.
https://www.yelp.it/biz/mazzini-38-torino;Ambiente moderno e giovanile, personale cortese e sveglio, prezzi nella norma.
https://www.yelp.it/biz/matti-brown-bari;grazie al matiti per la serata spensierata
https://www.yelp.it/biz/mastro-ciccio-di-mastrandrea-fabio-bari;Locale simpatico, giovane e veloce nel servizio.
https://www.yelp.it/biz/master-sandwich-torino;Panini abbondanti, personale giovane e molto simpatico.
https://www.yelp.it/biz/masaniello-%C3%A9-turnat-torino;Il menù è ricco di piatti tipici e nuovi abbinamenti, per accontentare i curiosi, ma anche gli scettici.
https://www.yelp.it/biz/martinucci-bari-2;Servizio celere e impeccabile, anche per gruppi numerosi ed eventi speciali.
https://www.yelp.it/biz/martin-pescatore-torino;Molto professionale e simpatico il Capo sala.
https://www.yelp.it/biz/marhaba-torino;Il personale è gentile e simpatico, disposto a dare consigli anche a chi non conosce questa cucina.
https://www.yelp.it/biz/mare-nostrum-torino;Questo posto serve pesce italiano di stile meridionale.
https://www.yelp.it/biz/mara-dei-boschi-torino;Gusti classici e originali squisiti, personale gentile e simpatico.
https://www.yelp.it/biz/manz%C3%B2-torino;Cospargere di sale e pepe e poi inzupparlo con evoo ..
https://www.yelp.it/biz/manhattan-pub-torino;Consigliato per una serata tra amici golosi!
https://www.yelp.it/biz/mamma-mia-torino-2;Buon cibo da condividere per una serata tra amici, rapporto qualità/prezzo ottimo.
https://www.yelp.it/biz/maltos-beer-bari;Perfetto per una serata con amici o in coppia.
https://www.yelp.it/biz/maks-torino;Buonissimo locale centrale e pulito ...gusti favolosi e personale gentilissimo ..
https://www.yelp.it/biz/magorabin-torino;Quattro amici amanti dell'ottimo cibo di qualità.
https://www.yelp.it/biz/macario-caffe-torino;Molto spazio adatto anche per grosse comitive.
https://www.yelp.it/biz/m-bun-torino-3;Serata con amici, menù a 11euro con panino vegetariano, patatine e vino.
https://www.yelp.it/biz/m-bun-torino;Location su due piani con design semplice.
https://www.yelp.it/biz/lucky-nugget-saloon-torino;Servizio accurato in un ristorante fashion, una cena a due e poi serata in discoteca al quasar.
https://www.yelp.it/biz/luce-e-gas-torino-2;Il locale è carino, ampio ed in stile orientale.
https://www.yelp.it/biz/lord-nelson-torino;Ambiente giovanile, musica bella, personale simpatico e locale davvero accogliente e pulito.
https://www.yelp.it/biz/locanda-da-betty-torino;Il locale è semplice, dai colori caldi, arredato in modo volutamente spartano.
https://www.yelp.it/biz/lobelix-torino;Consigliato per passare una serata in compagnia.
https://www.yelp.it/biz/lo-stonnato-torino;Locale semplice ma carino in San Salvario.
https://www.yelp.it/biz/lo-sfizio-bitritto;Ottima accoglienza, cordiale ed informale ma molto garbata.
https://www.yelp.it/biz/lo-scugnizzo-torino;Serata tra amici passata molto bene, cibo ottimo pizza gustosa, staff simpatico e comoetente Consigliato
https://www.yelp.it/biz/libery-pizza-e-artigianal-beer-torino;Ambiente caldo ed informale, personale molto accogliente.
https://www.yelp.it/biz/le-vitel-etonne-torino;Forse unico neo lo spazio tra i tavoli.
https://www.yelp.it/biz/le-veronique-bari-2;La struttura ha un ampio dehor esterno, funzionale soprattutto nel periodo estivo.
https://www.yelp.it/biz/le-tre-lanterne-bari;Locale spartano e molto genuino a conduzione familiare.
https://www.yelp.it/biz/le-rondini-torino;Bello il dehor veloce e simpatico il servizio,tranne qualche piccola incomprensione.
https://www.yelp.it/biz/le-putrelle-osteria-torino;Semplice e informale, ma curato e piacevole.
https://www.yelp.it/biz/le-plus-bon-bari;Personale gentile e simpatico, ottima pizza, prezzi contenuti.
https://www.yelp.it/biz/le-mura-bari;Bella e informale l'atmosfera, buoni i cibi, varietà di bevande.
https://www.yelp.it/biz/le-lupin-dei-f-lli-zambetta-bari;Locale grande, ideale quando si hanno dei bambini che hanno il loro giusto spazio per muoversi.
https://www.yelp.it/biz/le-grand-tabu-bari;Nel complesso una piacevolissima serata e un evento ben festeggiato.
https://www.yelp.it/biz/le-due-antenne-bari;Serata con amici all'insegna della genuinità tipica della cucina barese.
https://www.yelp.it/biz/le-cantine-di-bacco-torino;Consigliato per una cena intima, ma anche per una cordiale serata tra amici!
https://www.yelp.it/biz/las-vegas-torre-a-mare;Luogo assolutamente consigliato per un buon caffè ed un ottimo gelato in compagnia.
https://www.yelp.it/biz/laboratorio-comba-torino;Il titolare molto gentile, disponibile, attento al cliente.
https://www.yelp.it/biz/la-voglia-matta-torino-6;Il proprietario è simpatico e si prende cura del cliente con gentilezza.
https://www.yelp.it/biz/la-via-della-seta-torino;Accoglienza fredda, svolgimento cena freddino....camerieri senza sorriso in volto.
https://www.yelp.it/biz/la-via-del-sale-torino;Ottima cena in compagnia di amici e relative famiglie.
https://www.yelp.it/biz/la-vecchia-europa-torino;Bella serata con coppia d'amici, servizio celere, simpatico e professionale.
https://www.yelp.it/biz/la-uascezze-bari;Compagnia perfetta di amici/colleghi in un locale tradizionale con pietanze assolutamente ottime.
https://www.yelp.it/biz/la-taverna-greca-torino-2;Giovedì sera, una serata con una quindicina di amici.
https://www.yelp.it/biz/la-taverna-dei-mercanti-turin;Capo sala (forse proprietario) gentile e simpatico.
https://www.yelp.it/biz/la-tana-del-polpo-bari;Servizio perfetto e personale simpatico e disponibile.
https://www.yelp.it/biz/la-svolta-torino;Serata piacevole con dehor delizioso e di grande atmosfera.
https://www.yelp.it/biz/la-stadera-pizzeria-la-stadera-di-muscariello-s-e-c-pizz-torino;Accoglienza sincera, spontanea, tavolo prenotato, ben piazzato.
https://www.yelp.it/biz/la-societ%C3%A0-dei-carbonari-torino;Beh, se stai cercando uno spin più moderno per la cucina italiana, La Société non ti deluderà .
https://www.yelp.it/biz/la-romana-torino;Il locale è molto pulito, moderno e piacevole, il personale simpatico e gentile, il prezzo nella media.
https://www.yelp.it/biz/la-ristonomia-torino;Locale giovane e informale con accoglienza gentile.
https://www.yelp.it/biz/la-reseda-torino;Salvatore :-)) L'accoglienza viene curata dalla moglie!
https://www.yelp.it/biz/la-provolina-bari;Servizio spartano, ambiente semplice ma pizza di qualità.
https://www.yelp.it/biz/la-piramide-torino;Il locale è pulito, ci si può sedere all'interno o nel dehor sotto i portici, oppure portare via.
https://www.yelp.it/biz/la-piadineria-torino;Consigliato per un pranzo/cena veloce e informale!
https://www.yelp.it/biz/la-parrilla-de-juan-bari;Qualità del cibo abbastanza valido, ambiente simpatico.
https://www.yelp.it/biz/la-panzanella-torino;L'accoglienza è stata ottima e l'atmosfera piacevole.
https://www.yelp.it/biz/la-pagoda-di-hu-lia-meng-torino;L'ambiente è moderno, accogliente e ben arredato.
https://www.yelp.it/biz/la-pace-torino;Il locale è ampio, l'accoglienza buona, ma prezzi sono medio alti.
https://www.yelp.it/biz/la-monachella-torino;Fatti accomodare nell'ampio dehor sulla piazza Carlina.
https://www.yelp.it/biz/la-mela-stregata-torino;Il locale è ampio e spazioso, il personale gentile anche se un po' frettoloso
https://www.yelp.it/biz/la-magnolia-torino-3;E' arredato in modo moderno, elegante, ma informale.
https://www.yelp.it/biz/la-madia-torino;Clientela non molto giovanile... forse la serata..
https://www.yelp.it/biz/la-luna-rossa-torino;Personale gentile e simpatico, prezzo assolutamente nella norma.
https://www.yelp.it/biz/la-limonaia-torino;Cibo di qualità, atmosfera ed eleganza hanno reso una semplice cena in una bellissima serata.
https://www.yelp.it/biz/la-gustosa-torino;Pizzeria di quartiere, locale molto semplice ma gradevole.
https://www.yelp.it/biz/la-gricia-torino;L'ambiente era simpatico e movimentato, da osteria.
https://www.yelp.it/biz/la-granseola-torino;Il locale è modesto ma simpatico, il personale è gentile.
https://www.yelp.it/biz/la-gola-torino;Non importa che il vecchio signore sia un uomo gentile ...
https://www.yelp.it/biz/la-gaia-scienza-torino;Un'osteria semplice da frequentare tra amici o in coppia.
https://www.yelp.it/biz/la-fila-torino;Focaccia mediterranea: fresca, semplice e buona !!
https://www.yelp.it/biz/la-drogheria-torino;Bellissima ed effetto la piazza è personale veloce e simpatico.
https://www.yelp.it/biz/la-cuite-torino;Ambiente piacevole e giovanile ma professionale e cortese.
https://www.yelp.it/biz/la-conca-torino-2;Buona accoglienza in ambiente sufficientemente ampio da permettere una cena tranquilla.
https://www.yelp.it/biz/la-conca-torino;Così semplice ma perfettamente cotto e saporito!
https://www.yelp.it/biz/la-cena-coi-fiocchi-torino;Si, due tavoli centrali sono ora un simpatico buffet!
https://www.yelp.it/biz/la-cecchina-bari;Il locale è bello ed elegante,, con un ampio dehor coperto.
https://www.yelp.it/biz/la-casa-del-demone-torino;Personale simpatico e tempi d'attesa nella media.
https://www.yelp.it/biz/la-capannina-torino-2;Anche il dehor esterno risulta comunque accogliente.
https://www.yelp.it/biz/la-cantinella-torino;Assolutamente consigliato per passare una bella serata in due
https://www.yelp.it/biz/la-cantina-torino;Ottimo ambiente per una serata tra amici
https://www.yelp.it/biz/la-campana-torino-2;Lo chef è proprio bravo e simpatico...
https://www.yelp.it/biz/la-bufala-torino;vicino al multisala Ideal, è un posticino tranquillo con ottima accoglienza e buona pizza.
https://www.yelp.it/biz/la-bottega-del-gusto-torino;Ristorante elegante, semplice, sereno e molto centrale.
https://www.yelp.it/biz/la-botte-gaia-torino;Hai voglia di acquistare una bottiglia di vino per la cena di questa sera in compagnia di amici?
https://www.yelp.it/biz/la-battigia-di-schiralli-antonio-bari;Locale semplice pulitissimo personale gentilissimo e preparato.
https://www.yelp.it/biz/la-baita-bari;Location sul mare con piccolo spazio all aperto ma ideale per Take-away un panino al volo.
https://www.yelp.it/biz/la-badessa-torino-2;Iersera ottima serata, con amici ospiti da Roma.
https://www.yelp.it/biz/l-osteria-le-ferriere-torino;Piacevole serata in locale carino e semplice.
https://www.yelp.it/biz/l-oca-fola-torino;Cena con amici,ottima accoglienza da parte del personale.
https://www.yelp.it/biz/l-hamburgueria-di-eataly-torino;Locale molto spartano e personale molto gentile.
https://www.yelp.it/biz/l-birichin-torino-2;Complimenti e grazie per la bella serata!
https://www.yelp.it/biz/l-angolo-divino-torino;Cena nel dehor...personale giovane cordiale e simpatico...menu semplice e ottimo...molto buona la pizza anche da asporto...ottimo servizio...tornero' sicuramente
https://www.yelp.it/biz/l-aglio-torino;Accoglienza ottima e proprietario disponibile e preparato.
https://www.yelp.it/biz/l-accademia-del-panino-torino;Panino molto buono e personale troppo simpatico.
https://www.yelp.it/biz/km5-torino;Il locale è moderno, ampio e molto accogliente.
https://www.yelp.it/biz/kirkuk-kaff%C3%A8-torino-2;Buono, ambiente e cucina Kurda, Turca, Persiana e Irachena
https://www.yelp.it/biz/kipling-torino;Kipling è sempre un buon posto per una serata con amici.
https://www.yelp.it/biz/kido-ism-torino;Ottimo per una cena a 2 o anche in compagnia di amici.
https://www.yelp.it/biz/karmacola-torino;Una serata speciale condita da ottimo cibo.
https://www.yelp.it/biz/jumping-jester-torino;Perfetto per una serata tranquilla con amici.
https://www.yelp.it/biz/jubin-di-hu-lidan-torino;Due piani, con dehor molto comodo e riparato.
https://www.yelp.it/biz/joys-pub-bari;Consigliabile per una serata tra amici o comunque qualcosa di informale.
https://www.yelp.it/biz/jolly-principi-di-piemonte-torino;Camere ben curate pulite molto spaziose, personale molto cordiale preparato ed efficiente.
https://www.yelp.it/biz/john-lennons-torino;Atmosfera tranquilla, molto spazio a disposizione, compreso il dehor.
https://www.yelp.it/biz/john-joy-torino;Consigliatissimo per cene romantiche e con amici.
https://www.yelp.it/biz/japs-torino-3;�? possibile ordinare online, tramite sito internet, in modo semplice, rapido e intuitivo.
https://www.yelp.it/biz/italians-wok-better-torino-3;Peccato per il conto salatissimo, il cibo è buono (poco ma buono), l'addetta è carina,simpatica, gentile e molto brava.
https://www.yelp.it/biz/istanbul-santasophia-torino;I prezzi sono tranquilli, il personale davvero gentile e rapido.
https://www.yelp.it/biz/istanbul-pizza-kebab-torino;Tutto quello che fanno è delizioso ed economico!
https://www.yelp.it/biz/in-vino-veritas-torino;Cena con amici, nel dehor in una serata tranquilla!!!
https://www.yelp.it/biz/imbarco-perosino-torino;Per passare una bella serata in compagnia come se foste a casa vostra.
https://www.yelp.it/biz/imbarchino-torino;Il posto è molto ampio, all'aperto, lungo il fiume.
https://www.yelp.it/biz/il-vicolo-torino;Locale moderno, ma semplice e piacevole, personale molto cordiale.
https://www.yelp.it/biz/il-tabisca-turin;Dehor molto bello in una piazza favolosa.
https://www.yelp.it/biz/il-siculo-di-savona-monica-torino;Prezzi bassissimi e personale simpatico e gentile.
https://www.yelp.it/biz/il-sedile-bari;Una semplice con capperi e acciughe, ma con una deliziosa.
https://www.yelp.it/biz/il-rustico-bari;Ottimo posto per passare la serata in compagnia di amici.
https://www.yelp.it/biz/il-rospetto-torino;L'ambiente è informale e rilassato il personale veloce, simpatico e disponibilissimo.
https://www.yelp.it/biz/il-ristoro-dei-mercanti-torino;Grazioso locale nel quadrilatero romano,ottima posizione,piatti piemontesi adatti a un pasto semplice e tranquillo.
https://www.yelp.it/biz/il-porticciolo-torino;Serata a tema, trascorsa piacevolmente in compagnia di amici.
https://www.yelp.it/biz/il-peccato-torino;Per una serata diversa, divertente, il posto più simpatico è proprio qui..
https://www.yelp.it/biz/il-panino-giusto-torino;La musica, inoltre, era troppo alta e la cameriera con altri amici faceva baldoria come se non stesse lavorando.
https://www.yelp.it/biz/il-padellino-torino;Un bel gruppo di amici, compagnia stupenda, pizza buonissima, farinata altrettanto!!!
https://www.yelp.it/biz/il-giglio-torino;Il locale molto accogliente, semplice ma poco moderno.
https://www.yelp.it/biz/il-gelato-amico-torino;Le ragazze gentilissime e il locale pulito e moderno.
https://www.yelp.it/biz/il-gelatiere-bari-3;Il servizio e l'accoglienza è al top!
https://www.yelp.it/biz/il-fornaccio-bari;Una bella serata passata in questo locale.
https://www.yelp.it/biz/il-dolcetto-bari;Cornetti vegani buonissimi,marmellate fantastiche e personale gentile e accogliente!
https://www.yelp.it/biz/il-cortiletto-torino-2;Ottimo il vino sfuso e l'accoglienza professionale.
https://www.yelp.it/biz/il-caciucco-torino;Serata con amici e prima volta al Caciucco.
https://www.yelp.it/biz/il-buco-torino;Adatto sia a convivi di lavoro, sia a tavolate con amici.
https://www.yelp.it/biz/il-brigantino-torino;Lo chef é molto simpatico e gradevole.
https://www.yelp.it/biz/ichiban-torino;Molto valido per una serata in compagnia e per mangiare a sazietà.
https://www.yelp.it/biz/ichi-torino;Locale semplice, ma carino e personale gentile
https://www.yelp.it/biz/i-tesori-bari;La professionalità del personale non è semplice da trovare.
https://www.yelp.it/biz/i-tartufi-bistrot-torino;E cambiato l'ambiente passando da informale ad un moderno anonimo.
https://www.yelp.it/biz/i-soliti-amici-torino;Cena con amici a base di pizza.
https://www.yelp.it/biz/huntsman-pub-torino;Bel pub per passare una serata con amici.
https://www.yelp.it/biz/hua-li-du-torino;Un plauso anche per accoglienza e servizio.
https://www.yelp.it/biz/hua-dou-cheng-torino;Tutto molto buono, ampio dehor e convenienza.
https://www.yelp.it/biz/horas-kebab-torino;Il locale è molto ampio, con dehor, moderno.
https://www.yelp.it/biz/home-burger-palese;Il personale però è gentile e simpatico!
https://www.yelp.it/biz/hokkaido-torino;Il personale e' comunque molto gentile e simpatico.
https://www.yelp.it/biz/happy-days-bar-torino;Panettoni molto invitanti e personale simpatico .
https://www.yelp.it/biz/hagakure-bari;Molto bello nell arredamento, propone sia sushi più tradizionale che varianti fusion.
https://www.yelp.it/biz/hafa-caf%C3%A9-torino-2;Bel caffè con una bella terrazza all'aperto.
https://www.yelp.it/biz/habanero-torino-2;La serata è passata troppo in fretta!
https://www.yelp.it/biz/gyrosteria-yannis-bari-2;Cibo gustoso, ambiente piacevole e prezzi ragionevoli.
https://www.yelp.it/biz/gusti-e-sapori-torino;Locale pulito e servizio capace e simpatico.
https://www.yelp.it/biz/gulp-bari;Il locale semplice, moderno, alternativo, giovanile come il nome che porta.
https://www.yelp.it/biz/guido-gobino-torino-3;E uscire insoddisfatti non sarà affar semplice :)
https://www.yelp.it/biz/gufo-bianco-torino;Per una serata top é ambiente ideale..
https://www.yelp.it/biz/grotta-azzurra-bari;Qui si mangia semplice, si spende poco, il personale è semplice ma gentile.
https://www.yelp.it/biz/grom-torino-4;Tipico esempio di come il marketing può influenzare l'opinione pubblica.
https://www.yelp.it/biz/grom-torino-2;Gelati di ottima qualità e personale gentile.
https://www.yelp.it/biz/grom-torino;I prezzi sono comunque alti per un semplice gelato.
https://www.yelp.it/biz/grill-burger-house-bari;Peccato per lo spazio un po' piccolo.
https://www.yelp.it/biz/grezzo-torino;Sei stata molto professionale in modo fresco, semplice e spontaneo.
https://www.yelp.it/biz/grande-muraglia-di-zhans-rong-e-li-songhai-torino;Personale super disponibile e accogliente, gentile e simpatico!
https://www.yelp.it/biz/granbar-torino;Super consigliato per passare una serata in compagnia o una cena.
https://www.yelp.it/biz/giusti-torino;Valido per una serata in compagnia di amici.
https://www.yelp.it/biz/giudice-esercizio-torino;Grazie a tutti per la piacevolissima serata.
https://www.yelp.it/biz/ginza-sushi-king-torino;La cucina è buonissima, il personale è accogliente e disponibile, e il locale è pulito e ben tenuto.
https://www.yelp.it/biz/giapponese-xia-torino;Bel locale, personale cortese, cucina in stile made in Japan.
https://www.yelp.it/biz/giapponese-sakura-torino;Si va al Sakura per la seconda volta, in compagnia di amici.
https://www.yelp.it/biz/gennaro-esposito-torino-2;Locale moderno e semplice, propone pizze e cucina della tradizione del Sud.
https://www.yelp.it/biz/gennaro-esposito-torino;L'ambiente non è niente di speciale, pulito e semplice, ma tu vieni qui per il cibo.
https://www.yelp.it/biz/gelatiamo-torino;Sicuramente uno dei gelati più buoni di Torino, rapporto ottimo qualità prezzo, locale molto pulito e personale competente.
https://www.yelp.it/biz/gelateria-popolare-torino;Davvero un'ottima meta per una serata in compagnia, gustando delle prelibatezze sane e naturali.
https://www.yelp.it/biz/gelateria-piu-di-un-gelato-torino;Gelato di buona consistenza, con pezzettini della foglia di menta e con una base di semplice fiordilatte.
https://www.yelp.it/biz/gelateria-piccinni-bari;Consigliatissima agli amanti del gelato e a chi piace prendere un caffè in compagnia.
https://www.yelp.it/biz/gelateria-monginevro-smaldone-raffaele-torino;Gelateria a t il suo posto è semplice irresistibile !
https://www.yelp.it/biz/gelateria-mondello-torino;Accoglienza ottima, gusti raffinati, diversi, speciali e un occhio speciale per i vegani..!!!
https://www.yelp.it/biz/gelateria-miretti-torino-7;L'ampio dehor riscaldato permette di stare all'aperto anche in inverno.
https://www.yelp.it/biz/gelateria-grom-torino-2;Classicità dello stile Grom: accoglienza calorosa, comunicazione semplice e chiara nella spiegazione dei gusti, gentilezza e ovviamente tanta qualità.
https://www.yelp.it/biz/gelateria-due-salette-torino;Qualità bassa e personale non simpatico per nulla.
https://www.yelp.it/biz/gelateria-delle-alpi-torino;Personale cortese ambiente informale ma carino e buona pasticceria.
https://www.yelp.it/biz/gelateria-ciuffos-torino;Ogni settimana sostituiamo dei gusti con delle new entry per cercare di accontentare tutti quindi passi a ritrovarci!
https://www.yelp.it/biz/gelateria-bucaneve-2-torino;Da non passare più nemmeno per caso !!!
https://www.yelp.it/biz/gaudenti-1971-torino;Il locale è moderno anche se riprende i grandi classici, qualche tavolino per sedersi.
https://www.yelp.it/biz/gatsbys-torino;Ambiente semplice, nel pieno centro di torino.
https://www.yelp.it/biz/gasperini-bari;Non ampio ma buona scelta gusti freschi.
https://www.yelp.it/biz/garden-caffetteria-torino;Arriva il piatto forte della serata ovvero la grigliata in formula all you can eat.
https://www.yelp.it/biz/gandhi-torino;L'accoglienza è ottima, così anche il servizio.
https://www.yelp.it/biz/galleria-sabauda-torino;Galleria davvero grande (due piani) organizzata con diversi criteri.
https://www.yelp.it/biz/galante-torino;Carta dei vini discreta e locale elegante anche se in stile primo  900.
https://www.yelp.it/biz/gadi-bari;�? un posto molto carino, moderno, originale e assolutamente divertente se si è in compagnia di bambini.
https://www.yelp.it/biz/fuzion-torino;Il servizio è estremamente gentile e simpatico.
https://www.yelp.it/biz/frulez-bari;Locale simpatico con servizio rapido ed efficace.
https://www.yelp.it/biz/friedas-pub-torino;Locale discreto molto pulito e abbastanza curato.
https://www.yelp.it/biz/fratelli-roselli-torino;Ambiente moderno e vivace con dehor, personale efficiente e informale.
https://www.yelp.it/biz/fratelli-la-cozza-torino-2;Locale davvero ampio dallo stile eclettico ed informale.
https://www.yelp.it/biz/frat%C3%B2-torino;Sempre molto interessante come locale, cucina Siciliana interpretata in stile moderno pur mantenendo i gusti originali.
https://www.yelp.it/biz/forchetta-e-scarpetta-torino;Servizio veloce, ambiente informale, comodissimo alla stazione.
https://www.yelp.it/biz/focacceria-tipica-ligure-torino;Prodotto buono e semplice e prezzo conveniente.
https://www.yelp.it/biz/focacceria-santagostino-torino-2;Prezzi molto abbordabili, personale efficiente e soprattutto un ambiente divertente, giovanile e informale.
https://www.yelp.it/biz/focacceria-santagostino-torino;Prezzi molto abbordabili, personale efficiente e soprattutto un ambiente divertente, giovanile e informale.
https://www.yelp.it/biz/fiorio-gelateria-torino-2;Gelato gustoso e genuino, deliziosa anche la pasticceria.
https://www.yelp.it/biz/fiorio-gelateria-torino;Interno carino e personale gentile, tutto molto buono
https://www.yelp.it/biz/fiorfood-torino;Menù non ampio, ma è tutto gradevole.
https://www.yelp.it/biz/filo-di-marianna-torino;Menu semplice, base marinara del sud Italia.
https://www.yelp.it/biz/fattore-k-torino;Un ARCI unico nel suo genere, stile anni  60- 70.
https://www.yelp.it/biz/fassoneria-torino;Il posto è semplice, spartano ma pulito.
https://www.yelp.it/biz/faro-bar-torino;Il negozio è pulito, il personale è molto cordiale e c'è un sacco di posti a sedere coperti all'aperto.
https://www.yelp.it/biz/farmacia-dei-sani-bari;Clientela giustamente adulta, per una serata consigliatissima di coppia o con amici.
https://www.yelp.it/biz/family-bar-torino;Ambiente modernissimo e curato, servizio cordiale, facilità di parcheggio
https://www.yelp.it/biz/exki-pietro-micca-torino;Locale luminoso, semplice, e informale, adatto a coppie o piccoli gruppi..
https://www.yelp.it/biz/exki-giolitti-torino-3;Il punto di forza di questo ristorante self-service è lo spazio: luminoso, ampio, comodo.
https://www.yelp.it/biz/exki-8-gallery-torino-2;Davvero consigliatissimo anche tra amici per fare una pausa e 2 chiacchere sui molti tavolini disponibili!
https://www.yelp.it/biz/estrella-do-sul-torino;Il locale è molto semplice, pulito e curato.
https://www.yelp.it/biz/esperia-torino-2;Il personale é molto gentile e simpatico.
https://www.yelp.it/biz/eos-torino;L'atmosfera giusta per trascorrere una piacevole serata.
https://www.yelp.it/biz/enzo-e-grazia-di-matera-grazia-torino;L'arredamento è moderno, il locale è luminoso e fuori c'è un piccolo dehor.
https://www.yelp.it/biz/entremetier-di-lingweifu-torino;Non è niente male per una pizza con amici o una cena informale.
https://www.yelp.it/biz/eno-libero-emporio-enogastronomico-torino;Quindi locale informale e simpatico, ottimo cibo= quattro stelle.
https://www.yelp.it/biz/emporio-gastronomico-torino;Nel quartiere della Crocetta un bel locale antico con uno spazioso dehor moderno.
https://www.yelp.it/biz/emozioni-di-gusto-bari;W la sana imprenditoria giovanile e se creativa e propositiva anche meglio!
https://www.yelp.it/biz/el-centenario-torino-2;Il personale è molto accogliente e simpatico.
https://www.yelp.it/biz/eataly-torino-torino;Ampio parcheggio a pagamento (gratis la prima ora se acquistate qualcosa).
https://www.yelp.it/biz/eataly-bari;Ottima l'accoglienza è il personale di sala.
https://www.yelp.it/biz/eat-sicily-torino;Serata piacevole con personale gentilissimo e simpatico.
https://www.yelp.it/biz/dublin-house-bari;Insomma...un bel posto per una piacevole serata in compagnia di amici!
https://www.yelp.it/biz/doubletree-torino;Molto moderno, in generale elegante senza eccedere.
https://www.yelp.it/biz/dorian-gray-torino;Il pub è piccolino, semplice e pulito.
https://www.yelp.it/biz/don-panino-torino;E l'ideale per andare in compagnia, specie post serata in tarda ora!
https://www.yelp.it/biz/don-gennaro-torino;La pizza era decente e gli amici erano la vera attrattiva della serata.
https://www.yelp.it/biz/dolce-mania-di-lepori-raffaele-torino;Non sempre disponibili tutti i gusti in tarda serata.
https://www.yelp.it/biz/dolce-basilico-torino;Il locale non è una classica pizzeria in cui passare una serata.
https://www.yelp.it/biz/dog-out-presso-otto-gallery-torino;Ideale per un pranzo veloce con gli amici.
https://www.yelp.it/biz/diecicento-torino-2;Locale giovanile, personale gentile, disponibile e simpatico e pizza ottima!
https://www.yelp.it/biz/dess%C3%AC-torino;Prezzi nella norma e locale carino, ma niente di che
https://www.yelp.it/biz/delfino-blu-torino;Provato in serata con amici ottimo ristorante con bella proposta vini .
https://www.yelp.it/biz/dausin-torino;Locale carino per una serata tra amici, con un'ottimo rapporto qualità prezzo.
https://www.yelp.it/biz/dal-vecchio-torino;Su invito dello Chef, serata a tema Sushi.
https://www.yelp.it/biz/dai-saletta-torino-2;Locale spartano ma carino, servizio simpatico anche se non proprio rapidissimo.
https://www.yelp.it/biz/da-paolo-bari;La location è semplice ed informale ed il personale molto gentile .
https://www.yelp.it/biz/da-mauro-torino;Locale storico, colmo di eventi e di personaggi...
https://www.yelp.it/biz/da-ciro-torino;Ideale per chi vuole passare una serata tra amici e mangiare bene.
https://www.yelp.it/biz/da-ciccillo-torino;Locale molto piccolo e spartano che dispone di un piccolo dehor esterno.
https://www.yelp.it/biz/curry-zone-turin;Posto molto interessante per passare una serata diversa!
https://www.yelp.it/biz/crocetta-torino;Tanti tavoli ma poco spazio a sufficienza.
https://www.yelp.it/biz/cris-e-bio-bari;Ottimo per una serata in pizzeria con amici.
https://www.yelp.it/biz/costadoro-torino;Ampio il dehor da cui scorgere Piazza CLN e la via pedonale Lagrange.
https://www.yelp.it/biz/cornetti-night-torino-2;Il personale è stato simpatico e sorridente!
https://www.yelp.it/biz/cornetti-night-torino;Il personale è stato simpatico e sorridente!
https://www.yelp.it/biz/copacabana-torino;Davvero consigliato per una serata diversa in compagnia degli amici.
https://www.yelp.it/biz/convitto-torteria-caf%C3%A8-torino;La sala a rigoni è piacevolmente accogliente e calda.
https://www.yelp.it/biz/conte-verde-torino-2;A cena con amici durante una breve vacanza,un vero disastro.
https://www.yelp.it/biz/conogelato-torino;Il posto bello semplice e pulito completano l'opera.
https://www.yelp.it/biz/colorado-caffe-bari;Ottimo il servizio, ma soprattutto l'atmosfera, resa ancora più familiare dalla simpatia del titolare....provare per credere.
https://www.yelp.it/biz/cit-ma-bon-torino;Ambiente pulito, servizio simpatico e prezzi accettabili
https://www.yelp.it/biz/cioccolato-peyrano-torino;E  tutto ottimo e il negozio è molto bello (di legno, con vetrine antiche)
https://www.yelp.it/biz/cinese-mei-li-hua-torino;Il cibo è sempre di ottima qualità, locale ampio con decorazioni in stile perfettamente cinese.
https://www.yelp.it/biz/cinese-fang-xiang-bari;Servizio cortese e rapido, locale molto informale, menù molto ampio e prezzi ragionevoli.
https://www.yelp.it/biz/cinese-du-cheng-torino-2;Andati più volte e sempre serviti bene sia come cibo che accoglienza...
https://www.yelp.it/biz/cinese-chen-lon-torino;Per una serata in famiglia o tra amici, questo cinese è l'ideale.
https://www.yelp.it/biz/ciclatera-sotto-il-mare-bari;Fantastica location per trascorrere una piacevole serata insieme agli amici.
https://www.yelp.it/biz/chiodi-latini-new-food-torino;Grazie per l'impegno e l'accoglienza ottima ricevuta.
https://www.yelp.it/biz/cera-una-volta-torino;Tutto molto curato: menù, accoglienza, servizio, cortesia.
https://www.yelp.it/biz/cento-90-due-torino-2;Consigliato per chiunque voglia trascorrere una piacevole serata in compagnia!!!
https://www.yelp.it/biz/cecchi-torino;Questo ristorantino di via Nicola Fabrizi é molto semplice e spartano.
https://www.yelp.it/biz/ceccarelli-torino;Serata con amici in questo locale storico.
https://www.yelp.it/biz/catullo-torino-2;Menu non tanto ampio ma qualità eccellente.
https://www.yelp.it/biz/casale93-torino;Decisamente consigliabile per una serata in buona compagnia.
https://www.yelp.it/biz/casablanca-bari;Ambiente moderno adatto ad una clientela giovanile.
https://www.yelp.it/biz/casa-vicina-torino;Serata con amici dell'accademia della cucina, cucina eccellente e servizio impeccabile.
https://www.yelp.it/biz/casa-del-barolo-torino-3;Locale pulito e curato con ampio spazio tra i tavoli.
https://www.yelp.it/biz/carlo-carni-torino;Macelleria molto rifornita, personale gentile, cordiale ed educato.
https://www.yelp.it/biz/cantine-risso-torino;Ottimo posto per passare una serata in compagnia di amici e bere un buon bicchiere di vino.
https://www.yelp.it/biz/cammaf%C3%A0-torino-4;Prezzi e ambiente molto simpatico e cordiale.
https://www.yelp.it/biz/caffetteria-regina-torino;Questo negozio è piccolo, pulito e il personale molto amichevole.
https://www.yelp.it/biz/caffetteria-pasticceria-torino;Il personale è simpatico, accogliente e professionale.
https://www.yelp.it/biz/caffetteria-mazzini-torino;Situato in una zona molto bella del centro ma comunque abbastanza tranquilla, con un personale davvero gentile e simpatico.
https://www.yelp.it/biz/caffetteria-auditorium-torino;E abbastanza difficile trovare posto a pranzo perchè la caffetteria non è grandissima, però è carina ed accogliente.
https://www.yelp.it/biz/caffeteria-federico-ii-bari;Era croccante, ma dava di semplice cialda.
https://www.yelp.it/biz/caffe-vergnano-torino;Molti quotidiani da leggere e personale molto simpatico.
https://www.yelp.it/biz/caff%C3%A8-vergnano-torino-2;Gentili i camerieri, attento il servizio, anche per un semplice caffè
https://www.yelp.it/biz/caff%C3%A8-torino-torino-2;Due aperitivi perfetti con deliziosi piccoli morsi in uno straordinario spazio architettonico.
https://www.yelp.it/biz/caff%C3%A8-mulassano-torino-3;Il Caffe Mulassano è piccolo ma ricco di storia e atmosfera.
https://www.yelp.it/biz/caff%C3%A8-della-posta-torino;Il bar è stato completamente ristrutturato da poco e dà  subito l'impressione di essere ben curato e pulito.
https://www.yelp.it/biz/caff%C3%A8-bodoni-torino;Il servizio è rapido e molto gentile!
https://www.yelp.it/biz/cafe-vergnano-1882-torino;Buon bar, ampio, moderno e luminoso all'interno.
https://www.yelp.it/biz/cafe-tabac-torino;Piccola e ritagliate perfettamente con atmosfera meravigliosa e illuminazione (lanterne di carta marrone erano favolose).
https://www.yelp.it/biz/cacio-e-pepe-torino;Il locale è molto semplice ed informale, gli spazi molto ristretti fra i vari tavoli.
https://www.yelp.it/biz/busters-coffee-torino;Espresso ottimo, e locale accogliente molto giovanile,staff simpatico e caloroso,buon posto per passare un pomeriggio con amici o pischelle
https://www.yelp.it/biz/burgheria-torino-2;Che dire un ottimo posto per una serata fra amici.
https://www.yelp.it/biz/burgheria-torino;Locale simpatico adatto ai giovani e ai meno giovani.
https://www.yelp.it/biz/buosi-torino;Il caso ha voluto che ci fosse una serata di degustazione vini Ca' del Baio (nebbiolo e barbaresco).
https://www.yelp.it/biz/bunet-torino;Accesso anche ai nostri amici 4 zampe.
https://www.yelp.it/biz/bucks-g-d-34-torino-2;Il locale è grande, abbastanza accogliente, va bene per una serata con amici.
https://www.yelp.it/biz/brek-torino;Fare colazione d'estate o di primavera nello spazio adibito all'esterno è stato stupendo!
https://www.yelp.it/biz/brasserie-bordeaux-torino-3;Locale carino, giovanile, abbastanza affollato ma piacevole.
https://www.yelp.it/biz/brasserie-bordeaux-torino-2;Locale carino, giovanile, abbastanza affollato ma piacevole.
https://www.yelp.it/biz/braceria-signorile-bari;Il locale è piccolo con arredamento semplice moderno.
https://www.yelp.it/biz/bottega-baretti-moncalieri;Ambiente giovanile, piacevole per una serata tra amici.
https://www.yelp.it/biz/botta-bari;Bella serata davvero in un clima di accoglienza familiare.
https://www.yelp.it/biz/borgo-antico-bari;Il personale molto cortese, simpatico e professionale.
https://www.yelp.it/biz/bollicine-di-gigliotti-e-de-bartolo-torino;Personale sempre simpatico ed all'altezza della situazione.
https://www.yelp.it/biz/boja-fauss-torino-2;Servizio giovanile più che accogliente, molto piacevole.
https://www.yelp.it/biz/boheme-torino;Il posto é comunque piacevole, caldo nell'atmosfera ed informale nell'accoglienza.
https://www.yelp.it/biz/bocciofila-mossetto-torino;Menù variegato ed espresso, semplice ma di qualità.
https://www.yelp.it/biz/bocciofila-cavorettese-torino;Ambiente rustico, cucina familiare, ampio parcheggio e splendido dehor.
https://www.yelp.it/biz/blue-eyes-bari;Locale piuttosto spartano, come anche il servizio.
https://www.yelp.it/biz/blah-blah-torino;Un locale adatto per passare una serata tra amici.
https://www.yelp.it/biz/black-e-white-bari;.comunque ottima serata e prezzo più che giusto
https://www.yelp.it/biz/black-angus-turin;Cibo di ottima qualità e personale simpatico e super disponibile!!!
https://www.yelp.it/biz/bistrot-turin-torino;Accoglienza cortese, menu con piatti della tradizione.
https://www.yelp.it/biz/birrificio-torino-torino;Ottimo per una serata in compagnia di amici!
https://www.yelp.it/biz/birreria-la-divina-commedia-torino;Un locale informale per passare una bella serata tra amici.
https://www.yelp.it/biz/birreria-don-giovanni-torino;Presente la TV con eventi sportivi e comunque anche Buona musica di sottofondo.
https://www.yelp.it/biz/bilab%C3%AC-bari;Latticini di alta qualità , formaggi stagionati saporiti, marmellata e confettura Birra stile amber-ale.
https://www.yelp.it/biz/big-mama-club-torino;Insomma una serata diversa, vicino alla Gran Madre, un locale adattato in vecchie cantine, ma simpatico ed accogliente.
https://www.yelp.it/biz/biffi-valenzano;Costi nella norma , buono per un aperitivo in paese e stare in compagnia di amici .
https://www.yelp.it/biz/bicyclette-torino;Locale giovanile, gestito da giovani, nel quadrilatero.
https://www.yelp.it/biz/biberon-torino;Ambiente simpatico e informale, ma non incasinato.
https://www.yelp.it/biz/biancofiore-bari;Il posto ideale in cui trascorrere una bella serata.
https://www.yelp.it/biz/bene-cos%C3%AC-torino;Ideale per una serata con gli amici!
https://www.yelp.it/biz/beaubar-torino;Molto cordiale, gentile e simpatico il personale.
https://www.yelp.it/biz/bbq-di-pennestri-davide-antonio-c-torino;Con Amici una serata diversa, accoglienza fredda, locale non certamente bello, con tovaglie discutibili su tavoli decisamente unti.
https://www.yelp.it/biz/bastimento-torino;Difficile considerarlo per una serata da ricordare.
https://www.yelp.it/biz/barnum-torino;Location semplice, cibo ottimo, personale gentile, serata stupenda!
https://www.yelp.it/biz/bari-napoli-bari;Non è molto semplice tornare il parcheggio.
https://www.yelp.it/biz/barcollo-torino;Personale allegro e gentile, locale piccolo ma accogliente e con dehor estivo, bella musica e Leggi il seguito
https://www.yelp.it/biz/barber-and-caffee-torino;Locale piccino ma curato e molto accogliente, c'è anche un dehor.
https://www.yelp.it/biz/barbagia-di-ollolai-torino;Con semplice cura, piacevoli riflessioni, curiosità e genuinità, anche e sopratutto dei prodotti.
https://www.yelp.it/biz/baratti-e-milano-torino-2;Per dimensioni, arredi, qualità dei prodotti, professionalità e gentilezza dell'accoglienza.
https://www.yelp.it/biz/bar-torrefazione-beccuti-torino;Consigliato da amici, questo bar si è rivelato una perla.
https://www.yelp.it/biz/bar-telebari-bari;Gelato buonissimo con molte varietà di gusti.Personale molto gentile e cortese facile da raggiungere
https://www.yelp.it/biz/bar-miramare-bari;Ottima accoglienza, servizio cortese, rapido ed efficiente.
https://www.yelp.it/biz/bar-marconi-di-torre-francesco-torino;Consigliato assolutamente per una serata o un tranquillo the del pomeriggio!
https://www.yelp.it/biz/bar-imperfetto-di-da-campo-giuseppe-torino;Piatto semplice della cucina italiana, economico e soddisfacente.
https://www.yelp.it/biz/bar-delle-scienze-torino;Personale giovane e simpatico e molto cortese.
https://www.yelp.it/biz/bar-del-duomo-torino;Cibo ricercato ma semplice nei sapori e tipici...
https://www.yelp.it/biz/bar-cristal-torino;Ottimo bar, personale gentile e disponibile, un Negroni fantastico!!
https://www.yelp.it/biz/bangla-takeaway-torino;L'offerta è estremamente varia, tutto viene preparato sul momento ed il personale è molto gentile.
https://www.yelp.it/biz/banco-vini-e-alimenti-torino;Ambiente simpatico, camerieri gentili, multietnici e simpatici.
https://www.yelp.it/biz/banco-di-sicilia-torino;Tipico ristorante per passare in compagnia una serata.
https://www.yelp.it/biz/baccanale-torino;Il posto poi è carino e giovanile, e il personale sempre molto simpatico e cordiale.
https://www.yelp.it/biz/babayaga-bari;Buonissimo il gelato servito nelle coppe di vetro seduti ad un tavolino a due passi dal mare.serata rilassante.
https://www.yelp.it/biz/b2-burger-and-beer-torino;Locale moderno che funge anche da birreria.
https://www.yelp.it/biz/b-eat-torino;Locale piuttosto piccolo, ordinato e con un tiro informale.
https://www.yelp.it/biz/ayasofya-torino;Locale pulito, un ottima soluzione per saziarsi a prezzi contenuti.
https://www.yelp.it/biz/augusto-torino;Sicuramente consigliato per passare una bellissima serata in compagnia.
https://www.yelp.it/biz/astoria-torino;Serata di gran classe, cocktail molto buoni e bella musica.
https://www.yelp.it/biz/art-lunch-di-jo-cafe-torino;Ambiente tranquillo, con personale simpatico e disponibile.
https://www.yelp.it/biz/armeria-reale-torino;Molto apprezzata anche dai bambini, soprattutto grazie ai cavalli e alle armature che adornano lo spazio.
https://www.yelp.it/biz/arigato-torino;Ampio locale moderno con dehor esterno .
https://www.yelp.it/biz/arcadia-torino-4;Tutto sommato una bella serata tra 2 amici.
https://www.yelp.it/biz/antonelli-torino;Prezzi ottimi e personale simpatico e efficiente.
https://www.yelp.it/biz/antichi-sapori-torre-a-mare;Tavoli ammassati che lasciano poco spazio al transito.
https://www.yelp.it/biz/antica-salumeria-torino;Locale piccolino all'interno ma con un ampio dehor riscaldato.
https://www.yelp.it/biz/antica-cafetteria-torino;Bel bar con servizio ineccepibile. locale molto bello, arredato con gusto e caffè molto buono
https://www.yelp.it/biz/angolo-del-parin-torino;Il posto è molto caratteristico e simpatico.
https://www.yelp.it/biz/anema-e-cozze-torino;Il locale è gradevole, con ampio affaccio su corso Matteotti, un arredo semplice e non pacchiano.
https://www.yelp.it/biz/amici-miei-torino;In tutto ciò l'arredamento è moderno e piacevole.
https://www.yelp.it/biz/america-graffiti-torino;Perfetto per una serata spensierata con amici.
https://www.yelp.it/biz/alla-portata-torino;Il locale è semplice, il personale simpatico.
https://www.yelp.it/biz/alla-lettera-torino;Rapporto qualita'prezzo ottimo, personale giovanile e gentile.
https://www.yelp.it/biz/alivella-torino;Ampio locale, personale simpatico e sia cucina che pizza buoni.
https://www.yelp.it/biz/aldente-torino;Cibo ottimo, servizio impeccabile, simpatico il proprietario.
https://www.yelp.it/biz/alberto-marchetti-torino-2;Un gelato non solo per intenditori, buono, semplice, digeribile, vero, come il solo gelato artigiale sa essere.
https://www.yelp.it/biz/alberto-marchetti-torino;La gelateria è decorata in stile moderno.
https://www.yelp.it/biz/ala-torino;Un ottima trattoria per passare la serata!
https://www.yelp.it/biz/al-sorso-preferito-bari;Pulito, ordinato e con accoglienza molto gioviale e familiare.
https://www.yelp.it/biz/al-savoia-bari;Caffè eccellente, ambiente curatissimo e raffinatissimo, prezzi un pò alti.
https://www.yelp.it/biz/al-raffaello-bari;Locale molto curato, ottimo servizio, Personale estremamente gradevole è simpatico allietavano la serata .
https://www.yelp.it/biz/al-pescatore-bari;Accoglienza ottima, cibo ottimo, tutti gentilissimi. voto a Il pescatore -4 per accoglienza e gentilezza!!
https://www.yelp.it/biz/al-paradise-palese;Il cameriere Roberto simpatico e disponibile, pronto ad accontentare le tue richieste.
https://www.yelp.it/biz/al-cantuccio-bari;Venerdi tra amici e familiari, serata stupenda.
https://www.yelp.it/biz/al-bicerin-torino;Locale storico con una bella atmosfera ma servizio spartano e prezzi troppo elevati.
https://www.yelp.it/biz/al-111-bari-2;Spiccano l'accoglienza, l'affabilitá e la simpatia del personale.
https://www.yelp.it/biz/ai-4-assi-di-sanna-roberto-torino;Il locale dispone di ampio dehor condizionato/riscaldato.
https://www.yelp.it/biz/ai-2-ghiottoni-bari-2;Grazie per aver risolto una serata iniziata male.
https://www.yelp.it/biz/adonis-torino;solo specialita per una serata speciale.. nel cuore di torino..indimenticabile..cibo servizio e accoglienza..grazie
https://www.yelp.it/biz/acab-torino;Porzioni abbondanti, molto cordiali, bell ambientino., raccomandato, prezzi medio bassi
https://www.yelp.it/biz/a-vucciria-torino;Una serata informale, non da 'fighetti', ma divertente.
https://www.yelp.it/biz/a-picciridda-torino;Personale simpatico,tempi di attesa buoni,pulizia e accoglienza apprezzabili, prezzo...beh,un po alto!!!
https://www.yelp.it/biz/a-la-merenda-sinoira-torino;Ideale per una serata tra amici al cazzeggio!
https://www.yelp.it/biz/a-casa-di-pulcinella-torino;Locale semplice e spartano ideale per cene in gruppo.
https://www.yelp.it/biz/7-nani-torino;Location semplice e rustica, contornata di nanetti.
https://www.yelp.it/biz/1610-bagel-torino;Il personale è molto gentile e simpatico.
